page	货币名称	现汇买入价	现钞买入价	现汇卖出价	现钞卖出价	中行折算价	发布时间
1	瑞士法郎	804.62	804.62	810.84	810.84	806.08	2026/10/01 22:56:15
1	瑞士法郎	804.91	804.91	811.13	811.13	806.08	2026/10/01 22:54:19
1	瑞士法郎	804.91	804.91	811.13	811.13	806.08	2026/10/01 22:51:14
1	瑞士法郎	805.01	805.01	811.23	811.23	806.08	2026/10/01 22:50:38
1	瑞士法郎	804.33	804.33	810.55	810.55	806.08	2026/10/01 22:46:14
1	瑞士法郎	803.66	803.66	809.87	809.87	806.08	2026/10/01 22:43:22
1	瑞士法郎	803.37	803.37	809.58	809.58	806.08	2026/10/01 22:41:14
1	瑞士法郎	803.56	803.56	809.77	809.77	806.08	2026/10/01 22:39:27
1	瑞士法郎	803.27	803.27	809.48	809.48	806.08	2026/10/01 22:36:14
1	瑞士法郎	803.17	803.17	809.37	809.37	806.08	2026/10/01 22:34:51
1	瑞士法郎	803.76	803.76	809.97	809.97	806.08	2026/10/01 22:33:00
1	瑞士法郎	803.76	803.76	809.97	809.97	806.08	2026/10/01 22:32:54
1	瑞士法郎	803.27	803.27	809.48	809.48	806.08	2026/10/01 22:31:14
1	瑞士法郎	803.17	803.17	809.37	809.37	806.08	2026/10/01 22:31:01
1	瑞士法郎	803.47	803.47	809.68	809.68	806.08	2026/10/01 22:26:14
1	瑞士法郎	802.79	802.79	808.99	808.99	806.08	2026/10/01 22:21:14
1	瑞士法郎	802.22	802.22	808.42	808.42	806.08	2026/10/01 22:19:17
1	瑞士法郎	800.97	800.97	807.16	807.16	806.08	2026/10/01 22:16:14
1	瑞士法郎	800.86	800.86	807.05	807.05	806.08	2026/10/01 22:11:14
1	瑞士法郎	801.07	801.07	807.26	807.26	806.08	2026/10/01 22:08:43
2	瑞士法郎	800.57	800.57	806.75	806.75	806.08	2026/10/01 22:06:14
2	瑞士法郎	800.49	800.49	806.67	806.67	806.08	2026/10/01 22:04:43
2	瑞士法郎	800.86	800.86	807.05	807.05	806.08	2026/10/01 22:01:14
2	瑞士法郎	801.25	801.25	807.45	807.45	806.08	2026/10/01 21:56:14
2	瑞士法郎	800.78	800.78	806.97	806.97	806.08	2026/10/01 21:51:14
2	瑞士法郎	799.82	799.82	806	806	806.08	2026/10/01 21:46:14
2	瑞士法郎	799.24	799.24	805.42	805.42	806.08	2026/10/01 21:41:14
2	瑞士法郎	799.62	799.62	805.8	805.8	806.08	2026/10/01 21:36:14
2	瑞士法郎	799.72	799.72	805.9	805.9	806.08	2026/10/01 21:31:14
2	瑞士法郎	799.53	799.53	805.71	805.71	806.08	2026/10/01 21:26:14
2	瑞士法郎	799.62	799.62	805.8	805.8	806.08	2026/10/01 21:21:14
2	瑞士法郎	799.43	799.43	805.61	805.61	806.08	2026/10/01 21:16:14
2	瑞士法郎	799.43	799.43	805.61	805.61	806.08	2026/10/01 21:11:14
2	瑞士法郎	799.62	799.62	805.8	805.8	806.08	2026/10/01 21:06:14
2	瑞士法郎	799.62	799.62	805.8	805.8	806.08	2026/10/01 21:01:14
2	瑞士法郎	799.43	799.43	805.61	805.61	806.08	2026/10/01 20:56:14
2	瑞士法郎	799.43	799.43	805.61	805.61	806.08	2026/10/01 20:51:14
2	瑞士法郎	799.62	799.62	805.8	805.8	806.08	2026/10/01 20:46:14
2	瑞士法郎	799.72	799.72	805.9	805.9	806.08	2026/10/01 20:41:14
2	瑞士法郎	799.91	799.91	806.09	806.09	806.08	2026/10/01 20:36:14
3	瑞士法郎	799.53	799.53	805.71	805.71	806.08	2026/10/01 20:31:14
3	瑞士法郎	799.43	799.43	805.61	805.61	806.08	2026/10/01 20:26:14
3	瑞士法郎	799.72	799.72	805.9	805.9	806.08	2026/10/01 20:21:14
3	瑞士法郎	799.72	799.72	805.9	805.9	806.08	2026/10/01 20:16:14
3	瑞士法郎	799.82	799.82	806	806	806.08	2026/10/01 20:11:14
3	瑞士法郎	799.82	799.82	806	806	806.08	2026/10/01 20:06:14
3	瑞士法郎	800.1	800.1	806.28	806.28	806.08	2026/10/01 20:01:14
3	瑞士法郎	799.82	799.82	806	806	806.08	2026/10/01 19:56:14
3	瑞士法郎	800.01	800.01	806.19	806.19	806.08	2026/10/01 19:51:14
3	瑞士法郎	799.82	799.82	806	806	806.08	2026/10/01 19:46:14
3	瑞士法郎	799.72	799.72	805.9	805.9	806.08	2026/10/01 19:45:04
3	瑞士法郎	799.53	799.53	805.71	805.71	806.08	2026/10/01 19:41:14
3	瑞士法郎	799.53	799.53	805.71	805.71	806.08	2026/10/01 19:41:09
3	瑞士法郎	799.24	799.24	805.42	805.42	806.08	2026/10/01 19:36:14
3	瑞士法郎	799.14	799.14	805.32	805.32	806.08	2026/10/01 19:31:14
3	瑞士法郎	799.42	799.42	805.6	805.6	806.08	2026/10/01 19:26:14
3	瑞士法郎	799.33	799.33	805.51	805.51	806.08	2026/10/01 19:21:14
3	瑞士法郎	798.85	798.85	805.03	805.03	806.08	2026/10/01 19:16:14
3	瑞士法郎	799.05	799.05	805.23	805.23	806.08	2026/10/01 19:14:38
3	瑞士法郎	799.14	799.14	805.32	805.32	806.08	2026/10/01 19:11:14
4	瑞士法郎	799.05	799.05	805.23	805.23	806.08	2026/10/01 19:06:14
4	瑞士法郎	799.24	799.24	805.42	805.42	806.08	2026/10/01 19:01:14
4	瑞士法郎	799.62	799.62	805.8	805.8	806.08	2026/10/01 18:56:13
4	瑞士法郎	799.43	799.43	805.61	805.61	806.08	2026/10/01 18:51:13
4	瑞士法郎	799.24	799.24	805.42	805.42	806.08	2026/10/01 18:46:13
4	瑞士法郎	799.14	799.14	805.32	805.32	806.08	2026/10/01 18:41:13
4	瑞士法郎	799.72	799.72	805.9	805.9	806.08	2026/10/01 18:36:13
4	瑞士法郎	799.72	799.72	805.9	805.9	806.08	2026/10/01 18:31:13
4	瑞士法郎	799.72	799.72	805.9	805.9	806.08	2026/10/01 18:31:03
4	瑞士法郎	799.24	799.24	805.42	805.42	806.08	2026/10/01 18:26:13
4	瑞士法郎	799.05	799.05	805.23	805.23	806.08	2026/10/01 18:21:13
4	瑞士法郎	798.85	798.85	805.03	805.03	806.08	2026/10/01 18:16:13
4	瑞士法郎	798.66	798.66	804.84	804.84	806.08	2026/10/01 18:14:30
4	瑞士法郎	798.39	798.39	804.56	804.56	806.08	2026/10/01 18:11:13
4	瑞士法郎	798.47	798.47	804.65	804.65	806.08	2026/10/01 18:08:22
4	瑞士法郎	798.1	798.1	804.26	804.26	806.08	2026/10/01 18:06:13
4	瑞士法郎	798	798	804.16	804.16	806.08	2026/10/01 18:03:32
4	瑞士法郎	798.1	798.1	804.26	804.26	806.08	2026/10/01 18:01:13
4	瑞士法郎	798.29	798.29	804.46	804.46	806.08	2026/10/01 17:59:27
4	瑞士法郎	798.29	798.29	804.46	804.46	806.08	2026/10/01 17:56:13
5	瑞士法郎	798.29	798.29	804.46	804.46	806.08	2026/10/01 17:55:22
5	瑞士法郎	798.47	798.47	804.65	804.65	806.08	2026/10/01 17:51:13
5	瑞士法郎	798.57	798.57	804.75	804.75	806.08	2026/10/01 17:50:54
5	瑞士法郎	798.94	798.94	805.12	805.12	806.08	2026/10/01 17:46:13
5	瑞士法郎	799.33	799.33	805.51	805.51	806.08	2026/10/01 17:41:13
5	瑞士法郎	799.14	799.14	805.32	805.32	806.08	2026/10/01 17:36:13
5	瑞士法郎	799.05	799.05	805.23	805.23	806.08	2026/10/01 17:31:13
5	瑞士法郎	799.24	799.24	805.42	805.42	806.08	2026/10/01 17:26:13
5	瑞士法郎	799.53	799.53	805.71	805.71	806.08	2026/10/01 17:21:13
5	瑞士法郎	799.82	799.82	806	806	806.08	2026/10/01 17:16:13
5	瑞士法郎	800	800	806.18	806.18	806.08	2026/10/01 17:11:13
5	瑞士法郎	800.19	800.19	806.37	806.37	806.08	2026/10/01 17:06:13
5	瑞士法郎	800.39	800.39	806.57	806.57	806.08	2026/10/01 17:04:36
5	瑞士法郎	799.62	799.62	805.8	805.8	806.08	2026/10/01 17:01:13
5	瑞士法郎	799.91	799.91	806.09	806.09	806.08	2026/10/01 16:56:13
5	瑞士法郎	799.43	799.43	805.61	805.61	806.08	2026/10/01 16:53:15
5	瑞士法郎	799.91	799.91	806.09	806.09	806.08	2026/10/01 16:51:13
5	瑞士法郎	799.72	799.72	805.9	805.9	806.08	2026/10/01 16:46:13
5	瑞士法郎	799.72	799.72	805.9	805.9	806.08	2026/10/01 16:41:13
5	瑞士法郎	800.01	800.01	806.19	806.19	806.08	2026/10/01 16:39:02
6	瑞士法郎	800.68	800.68	806.86	806.86	806.08	2026/10/01 16:36:13
6	瑞士法郎	800.78	800.78	806.97	806.97	806.08	2026/10/01 16:31:13
6	瑞士法郎	800.97	800.97	807.16	807.16	806.08	2026/10/01 16:26:13
6	瑞士法郎	800.57	800.57	806.75	806.75	806.08	2026/10/01 16:21:13
6	瑞士法郎	800.39	800.39	806.57	806.57	806.08	2026/10/01 16:19:54
6	瑞士法郎	800.67	800.67	806.85	806.85	806.08	2026/10/01 16:16:13
6	瑞士法郎	800.19	800.19	806.37	806.37	806.08	2026/10/01 16:12:11
6	瑞士法郎	800.48	800.48	806.66	806.66	806.08	2026/10/01 16:11:13
6	瑞士法郎	801.14	801.14	807.34	807.34	806.08	2026/10/01 16:06:13
6	瑞士法郎	801.25	801.25	807.45	807.45	806.08	2026/10/01 16:05:40
6	瑞士法郎	799.14	799.14	805.32	805.32	806.08	2026/10/01 15:41:00
6	瑞士法郎	798.19	798.19	804.35	804.35	806.08	2026/10/01 14:33:55
6	瑞士法郎	798.47	798.47	804.65	804.65	806.08	2026/10/01 13:02:07
6	瑞士法郎	798.76	798.76	804.94	804.94	806.08	2026/10/01 11:26:04
6	瑞士法郎	799.14	799.14	805.32	805.32	806.08	2026/10/01 10:30:01
6	瑞士法郎	799.14	799.14	805.32	805.32	806.08	2026/10/01 10:30:01
6	瑞士法郎	799.14	799.14	805.32	805.32	806.08	2026/10/01 09:55:05
6	瑞士法郎	800.1	800.1	806.28	806.28	806.08	2026/10/01 09:24:25
6	瑞士法郎	800.1	800.1	806.28	806.28	806.08	2026/10/01 09:19:33
6	瑞士法郎	799.53	799.53	805.71	805.71	806.08	2026/10/01 06:40:23
7	瑞士法郎	799.44	799.44	805.62	805.62	806.08	2026/10/01 05:30:00
7	瑞士法郎	799.44	799.44	805.62	805.62	806.08	2026/10/01 05:30:00
7	瑞士法郎	799.44	799.44	805.62	805.62	806.08	2026/10/01 02:49:02
7	瑞士法郎	799.33	799.33	805.51	805.51	806.08	2026/10/01 02:46:10
7	瑞士法郎	799.43	799.43	805.61	805.61	806.08	2026/10/01 02:41:10
7	瑞士法郎	799.33	799.33	805.51	805.51	806.08	2026/10/01 02:36:10
7	瑞士法郎	799.43	799.43	805.61	805.61	806.08	2026/10/01 02:31:10
7	瑞士法郎	799.43	799.43	805.61	805.61	806.08	2026/10/01 02:26:10
7	瑞士法郎	799.43	799.43	805.61	805.61	806.08	2026/10/01 02:21:10
7	瑞士法郎	799.43	799.43	805.61	805.61	806.08	2026/10/01 02:16:10
7	瑞士法郎	799.52	799.52	805.7	805.7	806.08	2026/10/01 02:11:10
7	瑞士法郎	799.62	799.62	805.8	805.8	806.08	2026/10/01 02:06:10
7	瑞士法郎	799.52	799.52	805.7	805.7	806.08	2026/10/01 02:01:10
7	瑞士法郎	799.52	799.52	805.7	805.7	806.08	2026/10/01 01:56:09
7	瑞士法郎	799.62	799.62	805.8	805.8	806.08	2026/10/01 01:51:09
7	瑞士法郎	799.62	799.62	805.8	805.8	806.08	2026/10/01 01:46:09
7	瑞士法郎	799.81	799.81	805.99	805.99	806.08	2026/10/01 01:41:09
7	瑞士法郎	799.81	799.81	805.99	805.99	806.08	2026/10/01 01:36:09
7	瑞士法郎	799.81	799.81	805.99	805.99	806.08	2026/10/01 01:31:09
7	瑞士法郎	799.81	799.81	805.99	805.99	806.08	2026/10/01 01:26:09
8	瑞士法郎	799.81	799.81	805.99	805.99	806.08	2026/10/01 01:21:09
8	瑞士法郎	799.91	799.91	806.09	806.09	806.08	2026/10/01 01:16:09
8	瑞士法郎	799.81	799.81	805.99	805.99	806.08	2026/10/01 01:11:09
8	瑞士法郎	799.62	799.62	805.8	805.8	806.08	2026/10/01 01:06:09
8	瑞士法郎	799.81	799.81	805.99	805.99	806.08	2026/10/01 01:01:09
8	瑞士法郎	799.62	799.62	805.8	805.8	806.08	2026/10/01 00:56:09
8	瑞士法郎	799.81	799.81	805.99	805.99	806.08	2026/10/01 00:51:09
8	瑞士法郎	799.81	799.81	805.99	805.99	806.08	2026/10/01 00:46:09
8	瑞士法郎	799.7	799.7	805.88	805.88	806.08	2026/10/01 00:41:09
8	瑞士法郎	799.51	799.51	805.69	805.69	806.08	2026/10/01 00:36:09
8	瑞士法郎	799.7	799.7	805.88	805.88	806.08	2026/10/01 00:31:09
8	瑞士法郎	799.7	799.7	805.88	805.88	806.08	2026/10/01 00:26:09
8	瑞士法郎	799.61	799.61	805.79	805.79	806.08	2026/10/01 00:21:09
8	瑞士法郎	799.7	799.7	805.88	805.88	806.08	2026/10/01 00:16:09
8	瑞士法郎	799.8	799.8	805.98	805.98	806.08	2026/10/01 00:11:09
8	瑞士法郎	799.51	799.51	805.69	805.69	806.08	2026/10/01 00:07:31
8	瑞士法郎	799.89	799.89	806.07	806.07	806.08	2026/10/01 00:01:09
8	瑞士法郎	799.99	799.99	806.17	806.17	806.08	2026/10/01 00:00:05
8	瑞士法郎	799.99	799.99	806.17	806.17	806.08	2026/10/01 00:00:05
