货币名称	现汇买入价	现钞买入价	现汇卖出价	现钞卖出价	中行折算价	发布时间
阿联酋迪拉姆	181.34	181.34	183.9	183.9	182.92	2026/10/01 22:56:15
阿联酋迪拉姆	181.33	181.33	183.89	183.89	182.92	2026/10/01 22:54:19
阿联酋迪拉姆	181.34	181.34	183.9	183.9	182.92	2026/10/01 22:51:14
阿联酋迪拉姆	181.34	181.34	183.9	183.9	182.92	2026/10/01 22:50:38
阿联酋迪拉姆	181.34	181.34	183.9	183.9	182.92	2026/10/01 22:46:14
阿联酋迪拉姆	181.33	181.33	183.89	183.89	182.92	2026/10/01 22:43:22
阿联酋迪拉姆	181.32	181.32	183.88	183.88	182.92	2026/10/01 22:41:14
阿联酋迪拉姆	181.32	181.32	183.88	183.88	182.92	2026/10/01 22:39:27
阿联酋迪拉姆	181.32	181.32	183.88	183.88	182.92	2026/10/01 22:36:14
阿联酋迪拉姆	181.34	181.34	183.9	183.9	182.92	2026/10/01 22:34:51
阿联酋迪拉姆	181.34	181.34	183.9	183.9	182.92	2026/10/01 22:33:00
阿联酋迪拉姆	181.32	181.32	183.88	183.88	182.92	2026/10/01 22:32:54
阿联酋迪拉姆	181.34	181.34	183.9	183.9	182.92	2026/10/01 22:31:14
阿联酋迪拉姆	181.32	181.32	183.88	183.88	182.92	2026/10/01 22:31:01
阿联酋迪拉姆	181.34	181.34	183.9	183.9	182.92	2026/10/01 22:26:14
阿联酋迪拉姆	181.32	181.32	183.88	183.88	182.92	2026/10/01 22:21:14
阿联酋迪拉姆	181.32	181.32	183.88	183.88	182.92	2026/10/01 22:19:17
阿联酋迪拉姆	181.32	181.32	183.88	183.88	182.92	2026/10/01 22:16:14
阿联酋迪拉姆	181.34	181.34	183.9	183.9	182.92	2026/10/01 22:11:14
阿联酋迪拉姆	181.34	181.34	183.9	183.9	182.92	2026/10/01 22:08:43
阿联酋迪拉姆	181.32	181.32	183.88	183.88	182.92	2026/10/01 22:06:14
阿联酋迪拉姆	181.32	181.32	183.88	183.88	182.92	2026/10/01 22:04:43
阿联酋迪拉姆	181.34	181.34	183.9	183.9	182.92	2026/10/01 22:01:14
阿联酋迪拉姆	181.32	181.32	183.88	183.88	182.92	2026/10/01 21:56:14
阿联酋迪拉姆	181.34	181.34	183.9	183.9	182.92	2026/10/01 21:51:14
阿联酋迪拉姆	181.34	181.34	183.9	183.9	182.92	2026/10/01 21:46:14
阿联酋迪拉姆	181.32	181.32	183.88	183.88	182.92	2026/10/01 21:41:14
阿联酋迪拉姆	181.34	181.34	183.9	183.9	182.92	2026/10/01 21:36:14
阿联酋迪拉姆	181.32	181.32	183.88	183.88	182.92	2026/10/01 21:31:14
阿联酋迪拉姆	181.34	181.34	183.9	183.9	182.92	2026/10/01 21:26:14
阿联酋迪拉姆	181.32	181.32	183.88	183.88	182.92	2026/10/01 21:21:14
阿联酋迪拉姆	181.34	181.34	183.9	183.9	182.92	2026/10/01 21:16:14
阿联酋迪拉姆	181.34	181.34	183.9	183.9	182.92	2026/10/01 21:11:14
阿联酋迪拉姆	181.34	181.34	183.9	183.9	182.92	2026/10/01 21:06:14
阿联酋迪拉姆	181.32	181.32	183.88	183.88	182.92	2026/10/01 21:01:14
阿联酋迪拉姆	181.32	181.32	183.88	183.88	182.92	2026/10/01 20:56:14
阿联酋迪拉姆	181.34	181.34	183.9	183.9	182.92	2026/10/01 20:51:14
阿联酋迪拉姆	181.32	181.32	183.88	183.88	182.92	2026/10/01 20:46:14
阿联酋迪拉姆	181.34	181.34	183.9	183.9	182.92	2026/10/01 20:41:14
阿联酋迪拉姆	181.34	181.34	183.9	183.9	182.92	2026/10/01 20:36:14
阿联酋迪拉姆	181.32	181.32	183.88	183.88	182.92	2026/10/01 20:31:14
阿联酋迪拉姆	181.34	181.34	183.9	183.9	182.92	2026/10/01 20:26:14
阿联酋迪拉姆	181.34	181.34	183.9	183.9	182.92	2026/10/01 20:21:14
阿联酋迪拉姆	181.34	181.34	183.9	183.9	182.92	2026/10/01 20:16:14
阿联酋迪拉姆	181.34	181.34	183.9	183.9	182.92	2026/10/01 20:11:14
阿联酋迪拉姆	181.34	181.34	183.9	183.9	182.92	2026/10/01 20:06:14
阿联酋迪拉姆	181.34	181.34	183.9	183.9	182.92	2026/10/01 20:01:14
阿联酋迪拉姆	181.34	181.34	183.9	183.9	182.92	2026/10/01 19:56:14
阿联酋迪拉姆	181.34	181.34	183.9	183.9	182.92	2026/10/01 19:51:14
阿联酋迪拉姆	181.34	181.34	183.9	183.9	182.92	2026/10/01 19:46:14
阿联酋迪拉姆	181.34	181.34	183.9	183.9	182.92	2026/10/01 19:45:04
阿联酋迪拉姆	181.32	181.32	183.88	183.88	182.92	2026/10/01 19:41:14
阿联酋迪拉姆	181.34	181.34	183.9	183.9	182.92	2026/10/01 19:41:09
阿联酋迪拉姆	181.34	181.34	183.9	183.9	182.92	2026/10/01 19:36:14
阿联酋迪拉姆	181.34	181.34	183.9	183.9	182.92	2026/10/01 19:31:14
阿联酋迪拉姆	181.32	181.32	183.88	183.88	182.92	2026/10/01 19:26:14
阿联酋迪拉姆	181.32	181.32	183.88	183.88	182.92	2026/10/01 19:21:14
阿联酋迪拉姆	181.34	181.34	183.9	183.9	182.92	2026/10/01 19:16:14
阿联酋迪拉姆	181.34	181.34	183.9	183.9	182.92	2026/10/01 19:14:38
阿联酋迪拉姆	181.34	181.34	183.9	183.9	182.92	2026/10/01 19:11:14
阿联酋迪拉姆	181.34	181.34	183.9	183.9	182.92	2026/10/01 19:06:14
阿联酋迪拉姆	181.32	181.32	183.88	183.88	182.92	2026/10/01 19:01:14
阿联酋迪拉姆	181.32	181.32	183.88	183.88	182.92	2026/10/01 18:56:13
阿联酋迪拉姆	181.34	181.34	183.9	183.9	182.92	2026/10/01 18:51:13
阿联酋迪拉姆	181.35	181.35	183.91	183.91	182.92	2026/10/01 18:46:13
阿联酋迪拉姆	181.34	181.34	183.9	183.9	182.92	2026/10/01 18:41:13
阿联酋迪拉姆	181.34	181.34	183.9	183.9	182.92	2026/10/01 18:36:13
阿联酋迪拉姆	181.34	181.34	183.9	183.9	182.92	2026/10/01 18:31:13
阿联酋迪拉姆	181.34	181.34	183.9	183.9	182.92	2026/10/01 18:31:03
阿联酋迪拉姆	181.32	181.32	183.88	183.88	182.92	2026/10/01 18:26:13
阿联酋迪拉姆	181.34	181.34	183.9	183.9	182.92	2026/10/01 18:21:13
阿联酋迪拉姆	181.34	181.34	183.9	183.9	182.92	2026/10/01 18:16:13
阿联酋迪拉姆	181.32	181.32	183.88	183.88	182.92	2026/10/01 18:14:30
阿联酋迪拉姆	181.34	181.34	183.9	183.9	182.92	2026/10/01 18:11:13
阿联酋迪拉姆	181.34	181.34	183.9	183.9	182.92	2026/10/01 18:08:22
阿联酋迪拉姆	181.34	181.34	183.9	183.9	182.92	2026/10/01 18:06:13
阿联酋迪拉姆	181.34	181.34	183.9	183.9	182.92	2026/10/01 18:03:32
阿联酋迪拉姆	181.34	181.34	183.9	183.9	182.92	2026/10/01 18:01:13
阿联酋迪拉姆	181.34	181.34	183.9	183.9	182.92	2026/10/01 17:59:27
阿联酋迪拉姆	181.34	181.34	183.9	183.9	182.92	2026/10/01 17:56:13
阿联酋迪拉姆	181.34	181.34	183.9	183.9	182.92	2026/10/01 17:55:22
阿联酋迪拉姆	181.34	181.34	183.9	183.9	182.92	2026/10/01 17:51:13
阿联酋迪拉姆	181.32	181.32	183.88	183.88	182.92	2026/10/01 17:50:54
阿联酋迪拉姆	181.34	181.34	183.9	183.9	182.92	2026/10/01 17:46:13
阿联酋迪拉姆	181.34	181.34	183.9	183.9	182.92	2026/10/01 17:41:13
阿联酋迪拉姆	181.34	181.34	183.9	183.9	182.92	2026/10/01 17:36:13
阿联酋迪拉姆	181.34	181.34	183.9	183.9	182.92	2026/10/01 17:31:13
阿联酋迪拉姆	181.34	181.34	183.9	183.9	182.92	2026/10/01 17:26:13
阿联酋迪拉姆	181.34	181.34	183.9	183.9	182.92	2026/10/01 17:21:13
阿联酋迪拉姆	181.34	181.34	183.9	183.9	182.92	2026/10/01 17:16:13
阿联酋迪拉姆	181.34	181.34	183.9	183.9	182.92	2026/10/01 17:11:13
阿联酋迪拉姆	181.32	181.32	183.88	183.88	182.92	2026/10/01 17:06:13
阿联酋迪拉姆	181.34	181.34	183.9	183.9	182.92	2026/10/01 17:04:36
阿联酋迪拉姆	181.34	181.34	183.9	183.9	182.92	2026/10/01 17:01:13
阿联酋迪拉姆	181.34	181.34	183.9	183.9	182.92	2026/10/01 16:56:13
阿联酋迪拉姆	181.34	181.34	183.9	183.9	182.92	2026/10/01 16:53:15
阿联酋迪拉姆	181.34	181.34	183.9	183.9	182.92	2026/10/01 16:51:13
阿联酋迪拉姆	181.34	181.34	183.9	183.9	182.92	2026/10/01 16:46:13
阿联酋迪拉姆	181.34	181.34	183.9	183.9	182.92	2026/10/01 16:41:13
阿联酋迪拉姆	181.32	181.32	183.88	183.88	182.92	2026/10/01 16:39:02
阿联酋迪拉姆	181.34	181.34	183.9	183.9	182.92	2026/10/01 16:36:13
阿联酋迪拉姆	181.34	181.34	183.9	183.9	182.92	2026/10/01 16:31:13
阿联酋迪拉姆	181.34	181.34	183.9	183.9	182.92	2026/10/01 16:26:13
阿联酋迪拉姆	181.34	181.34	183.9	183.9	182.92	2026/10/01 16:21:13
阿联酋迪拉姆	181.34	181.34	183.9	183.9	182.92	2026/10/01 16:19:54
阿联酋迪拉姆	181.34	181.34	183.9	183.9	182.92	2026/10/01 16:16:13
阿联酋迪拉姆	181.32	181.32	183.88	183.88	182.92	2026/10/01 16:12:11
阿联酋迪拉姆	181.34	181.34	183.9	183.9	182.92	2026/10/01 16:11:13
阿联酋迪拉姆	181.34	181.34	183.9	183.9	182.92	2026/10/01 16:06:13
阿联酋迪拉姆	181.35	181.35	183.91	183.91	182.92	2026/10/01 16:05:40
阿联酋迪拉姆	181.34	181.34	183.9	183.9	182.92	2026/10/01 15:41:00
阿联酋迪拉姆	181.34	181.34	183.9	183.9	182.92	2026/10/01 14:33:55
阿联酋迪拉姆	181.34	181.34	183.9	183.9	182.92	2026/10/01 13:02:07
阿联酋迪拉姆	181.32	181.32	183.88	183.88	182.92	2026/10/01 11:26:04
阿联酋迪拉姆	181.32	181.32	183.88	183.88	182.92	2026/10/01 10:30:01
阿联酋迪拉姆	181.32	181.32	183.88	183.88	182.92	2026/10/01 10:30:01
阿联酋迪拉姆	181.32	181.32	183.88	183.88	182.92	2026/10/01 09:55:05
阿联酋迪拉姆	181.34	181.34	183.9	183.9	182.92	2026/10/01 09:24:25
阿联酋迪拉姆	181.34	181.34	183.9	183.9	182.92	2026/10/01 09:19:33
阿联酋迪拉姆	181.34	181.34	183.9	183.9	182.92	2026/10/01 06:40:23
阿联酋迪拉姆	181.32	181.32	183.88	183.88	182.92	2026/10/01 05:30:00
阿联酋迪拉姆	181.32	181.32	183.88	183.88	182.92	2026/10/01 05:30:00
阿联酋迪拉姆	181.32	181.32	183.88	183.88	182.92	2026/10/01 02:49:02
阿联酋迪拉姆	181.3	181.3	183.86	183.86	182.92	2026/10/01 02:46:10
阿联酋迪拉姆	181.3	181.3	183.86	183.86	182.92	2026/10/01 02:41:10
阿联酋迪拉姆	181.3	181.3	183.86	183.86	182.92	2026/10/01 02:36:10
阿联酋迪拉姆	181.3	181.3	183.86	183.86	182.92	2026/10/01 02:31:10
阿联酋迪拉姆	181.3	181.3	183.86	183.86	182.92	2026/10/01 02:26:10
阿联酋迪拉姆	181.3	181.3	183.86	183.86	182.92	2026/10/01 02:21:10
阿联酋迪拉姆	181.3	181.3	183.86	183.86	182.92	2026/10/01 02:16:10
阿联酋迪拉姆	181.3	181.3	183.86	183.86	182.92	2026/10/01 02:11:10
阿联酋迪拉姆	181.3	181.3	183.86	183.86	182.92	2026/10/01 02:06:10
阿联酋迪拉姆	181.3	181.3	183.86	183.86	182.92	2026/10/01 02:01:10
阿联酋迪拉姆	181.3	181.3	183.86	183.86	182.92	2026/10/01 01:56:09
阿联酋迪拉姆	181.3	181.3	183.86	183.86	182.92	2026/10/01 01:51:09
阿联酋迪拉姆	181.3	181.3	183.86	183.86	182.92	2026/10/01 01:46:09
阿联酋迪拉姆	181.3	181.3	183.86	183.86	182.92	2026/10/01 01:41:09
阿联酋迪拉姆	181.3	181.3	183.86	183.86	182.92	2026/10/01 01:36:09
阿联酋迪拉姆	181.3	181.3	183.86	183.86	182.92	2026/10/01 01:31:09
阿联酋迪拉姆	181.3	181.3	183.86	183.86	182.92	2026/10/01 01:26:09
阿联酋迪拉姆	181.3	181.3	183.86	183.86	182.92	2026/10/01 01:21:09
阿联酋迪拉姆	181.3	181.3	183.86	183.86	182.92	2026/10/01 01:16:09
阿联酋迪拉姆	181.3	181.3	183.86	183.86	182.92	2026/10/01 01:11:09
阿联酋迪拉姆	181.3	181.3	183.86	183.86	182.92	2026/10/01 01:06:09
阿联酋迪拉姆	181.3	181.3	183.86	183.86	182.92	2026/10/01 01:01:09
阿联酋迪拉姆	181.3	181.3	183.86	183.86	182.92	2026/10/01 00:56:09
阿联酋迪拉姆	181.3	181.3	183.86	183.86	182.92	2026/10/01 00:51:09
阿联酋迪拉姆	181.3	181.3	183.86	183.86	182.92	2026/10/01 00:46:09
阿联酋迪拉姆	181.3	181.3	183.86	183.86	182.92	2026/10/01 00:41:09
阿联酋迪拉姆	181.3	181.3	183.86	183.86	182.92	2026/10/01 00:36:09
阿联酋迪拉姆	181.3	181.3	183.86	183.86	182.92	2026/10/01 00:31:09
阿联酋迪拉姆	181.3	181.3	183.86	183.86	182.92	2026/10/01 00:26:09
阿联酋迪拉姆	181.3	181.3	183.86	183.86	182.92	2026/10/01 00:21:09
阿联酋迪拉姆	181.3	181.3	183.86	183.86	182.92	2026/10/01 00:16:09
阿联酋迪拉姆	181.31	181.31	183.87	183.87	182.92	2026/10/01 00:11:09
阿联酋迪拉姆	181.31	181.31	183.87	183.87	182.92	2026/10/01 00:07:31
阿联酋迪拉姆	181.3	181.3	183.86	183.86	182.92	2026/10/01 00:01:09
阿联酋迪拉姆	181.31	181.31	183.87	183.87	182.92	2026/10/01 00:00:05
阿联酋迪拉姆	181.31	181.31	183.87	183.87	182.92	2026/10/01 00:00:05
